run_id,ride_height_mm,speed_ms,ref_area_m2,downforce_n,drag_n
1,20,50.06,0.54,2723.5,862.9
2,20,49.79,0.54,2710.8,842.8
3,20,50.15,0.54,2731.9,854.6
4,25,50.19,0.54,2636.0,838.1
5,25,49.61,0.54,2563.5,824.7
6,25,49.74,0.54,2575.3,831.1
7,30,50.03,0.54,2475.1,827.4
8,30,49.94,0.54,3112.3,821.4
9,30,50.0,0.54,2478.7,823.5
10,35,49.83,0.54,2360.2,815.7
11,35,50.18,0.54,2394.4,827.6
12,35,50.16,0.54,2403.0,826.1
13,40,50.01,0.54,2303.8,808.0
14,40,50.23,0.54,2324.7,818.8
15,40,50.09,0.54,2312.0,813.7
